sign pen,10,5,12.000000,8.000000,4.000000,2024-04-09 / 09:16 PM,2024-04-13 / 05:41 PM,dmUP6554,School Supplies
mismo? sobra :((,100,10,50.000000,30.000000,20.000000,2024-04-09 / 09:40 PM,2024-04-13 / 03:18 PM,cOHf0192,Foods
imissyou,19,19,15.000000,10.000000,5.000000,2024-04-09 / 09:41 PM,2024-04-13 / 03:18 PM,KAlN3726,Clothing
missu everyday,150,25,25.000000,15.000000,10.000000,2024-04-10 / 07:12 AM,2024-04-13 / 03:19 PM,GHzY0337,Beauty Products
miss u so much,5,5,55.000000,40.000000,15.000000,2024-04-10 / 07:42 AM,2024-04-13 / 03:23 PM,Naia5189,Foods
ballpen,300,60,10.000000,5.000000,5.000000,2024-04-10 / 08:55 AM,2024-04-15 / 04:59 PM,ndab3540,School Supplies
missu nanaman :(,5,1,55.000000,44.000000,11.000000,2024-04-13 / 08:03 AM,2024-04-13 / 05:58 PM,Vztz4042,School Supplies
pencil,5,5,12.000000,8.000000,4.000000,2024-04-13 / 02:34 PM,2024-04-13 / 03:46 PM,UpsG4899,School Supplies
paper,5,5,55.000000,33.000000,22.000000,2024-04-13 / 02:41 PM,2024-04-13 / 03:47 PM,COoX4644,School Supplies
watatops,55,45,4.000000,2.000000,2.000000,2024-04-13 / 02:41 PM,2024-04-13 / 05:38 PM,oktl2643,Deserts
bluetooth mouse,5,3,5.000000,3.000000,2.000000,2024-04-13 / 03:15 PM,2024-04-13 / 03:57 PM,WATo8329,Gaming
gamer headset,5,0,250.000000,200.000000,50.000000,2024-04-13 / 03:22 PM,2024-04-13 / 03:22 PM,TwmH1955,Gaming
diamond pickaxe,3,2,100.000000,80.000000,20.000000,2024-04-13 / 03:45 PM,2024-04-13 / 03:45 PM,cyjz7449,Jewelry
Flower vase,4,3,150.000000,100.000000,50.000000,2024-04-13 / 03:49 PM,2024-04-13 / 03:49 PM,QmAc9978,Furnitures
ben 10 brief,5,0,75.000000,50.000000,25.000000,2024-04-13 / 05:49 PM,2024-04-13 / 05:49 PM,aLnu0355,Clothing
coke,5,1,55.000000,45.000000,10.000000,2024-04-13 / 05:56 PM,2024-04-13 / 05:56 PM,ljsj9266,Drinks
test,5,1,5.000000,5.000000,0.000000,2024-04-13 / 05:58 PM,2024-04-13 / 05:58 PM,XZzm2727,Test
gold pickaxe,5,0,85.000000,60.000000,25.000000,2024-04-15 / 06:19 PM,2024-04-15 / 06:19 PM,FUOB1862,Jewelry
